productId,tagSlug
62db52decdd0,apparel
62db52decdd0,accessories
62db52decdd0,ethnic-clothing
62db52decdd0,islamic-clothing
62db52decdd0,traditional-muslim-clothing-accessories
62db52decdd0,middle-east-two-piece-femmes-muslim-dubai-casual-dress
70511cc94432,apparel
70511cc94432,accessories
70511cc94432,ethnic-clothing
70511cc94432,islamic-clothing
70511cc94432,traditional-muslim-clothing-accessories
70511cc94432,zaynab-elegant-womens-abaya-muslim-dress
b3ad3a216d8f,pet-supplies
b3ad3a216d8f,pet-food
b3ad3a216d8f,dry-food
b3ad3a216d8f,pistachio-kernels-fresh-raw-pistachio-nuts-dry-processed-snacks-and-food-ingredients-selected-large-nuts